name_displayed,country_code,pop_2014,audience_2014,pct_audience_2014,region,attribute,listed_FIFA_2014,region_orgBrazil,BRA,204213133,164602136,0.806031099,South America,Country,Brazil,South AmericaColombia,COL,47791911,39413970,0.824699602,South America,Country,Colombia,South AmericaArgentina,ARG,42981515,32563530,0.757617083,South America,Country,Argentina,South AmericaVenezuela,VEN,30738378,21394659,0.696024332,South America,Country,Venezuela,South AmericaPeru,PER,30973354,16721875,0.539879375,South America,Country,Peru,South AmericaChile,CHL,17613798,13390991,0.760255738,South America,Country,Chile,South AmericaEcuador,ECU,15903112,11441966,0.719479684,South America,Country,Ecuador,South AmericaParaguay,PRY,6552584,4482587,0.68409455,South America,Country,Paraguay,South AmericaBolivia,BOL,10562159,2949139,0.27921744,South America,Country,Bolivia,South AmericaUruguay,URY,3419546,2681613,0.78420147,South America,Country,Uruguay,South AmericaGuyana,GUY,763393,497289,0.651419387,South America,Country,Guyana,South AmericaSuriname,SUR,547928,302698,0.552441197,South America,Country,Suriname,South AmericaAustralia,AUS,23504138,8165460,0.34740521,Oceania,Country,Australia,OceaniaNew Zealand,NZL,4509700,1452593,0.322104131,Oceania,Country,New Zealand,OceaniaPapua New Guinea,PNG,7755785,1263981,0.162972671,Oceania,Country,Papua New Guinea,OceaniaFiji,FJI,885806,250710,0.28303037,Oceania,Country,Fiji,OceaniaSolomon Islands,SLB,575504,172020,0.298903222,Oceania,Country,Solomon Islands,OceaniaSamoa,WSM,192290,33672,0.17511051,Oceania,Country,Samoa,OceaniaTonga,TON,105782,19508,0.184417009,Oceania,Country,Tonga,OceaniaAmerican Samoa,ASM,55437,12627,0.227772066,Oceania,Country,American Samoa,OceaniaCook Islands,COK,34918,10907,0.312360387,Oceania,Country,Cook Islands,OceaniaPalau,PLW,21094,3843,0.182184507,Oceania,Country,Palau,OceaniaUnited States,USA,318563456,105255000,0.33040513,"North, Central America & Caribbean",Country,United States,"North, Central America & Caribbean"Mexico,MEX,124221600,81473080,0.655868867,"North, Central America & Caribbean",Country,Mexico,"North, Central America & Caribbean"Canada,CAN,35535348,20986000,0.590566891,"North, Central America & Caribbean",Country,Canada,"North, Central America & Caribbean"Cuba,CUB,11439767,6323978,0.552806539,"North, Central America & Caribbean",Country,Cuba,"North, Central America & Caribbean"Honduras,HND,8809216,5741325,0.651740745,"North, Central America & Caribbean",Country,Honduras,"North, Central America & Caribbean"El Salvador,SLV,6281189,5251337,0.83604187,"North, Central America & Caribbean",Country,El Salvador,"North, Central America & Caribbean"Dominican Republic,DOM,10405844,5047321,0.485046768,"North, Central America & Caribbean",Country,Dominican Republic,"North, Central America & Caribbean"Guatemala,GTM,15923559,4617164,0.289958043,"North, Central America & Caribbean",Country,Guatemala,"North, Central America & Caribbean"Costa Rica,CRI,4757575,3563874,0.749094654,"North, Central America & Caribbean",Country,Costa Rica,"North, Central America & Caribbean"Nicaragua,NIC,6013997,2710820,0.450751805,"North, Central America & Caribbean",Country,Nicaragua,"North, Central America & Caribbean"Panama,PAN,3903986,2016117,0.516425264,"North, Central America & Caribbean",Country,Panama,"North, Central America & Caribbean"Other Caribbean Countries,NA,0,1594666,0,"North, Central America & Caribbean",Region,Pan Caribbean,"North, Central America & Caribbean"Jamaica,JAM,2862087,1204864,0.420973926,"North, Central America & Caribbean",Country,Jamaica,"North, Central America & Caribbean"Trinidad &Tobago,TTO,1354493,586825,0.433243287,"North, Central America & Caribbean",Country,Trinidad & Tobago,"North, Central America & Caribbean"Barbados,BRB,283385,131099,0.462617993,"North, Central America & Caribbean",Country,Barbados,"North, Central America & Caribbean"Turks & Caicos,TCA,33739,93642,2.775482379,"North, Central America & Caribbean",Country,Turks & Caicos,"North, Central America & Caribbean"St. Lucia,LCA,176421,88024,0.49894287,"North, Central America & Caribbean",Country,St. Lucia,"North, Central America & Caribbean"Curacao,CUW,155909,66174,0.424439898,"North, Central America & Caribbean",Country,Curacao,"North, Central America & Caribbean"St. Vincent,VCT,109357,56185,0.513775981,"North, Central America & Caribbean",Country,St. Vincent,"North, Central America & Caribbean"Aruba,ABW,103795,41827,0.402977022,"North, Central America & Caribbean",Country,Aruba,"North, Central America & Caribbean"Antigua & Barbuda,ATG,98875,41203,0.416718078,"North, Central America & Caribbean",Country,Antigua & Barbuda,"North, Central America & Caribbean"Bermuda,BMU,65139,34960,0.536698445,"North, Central America & Caribbean",Country,Bermuda,"North, Central America & Caribbean"Cayman Islands,CYM,59172,24971,0.42200703,"North, Central America & Caribbean",Country,Cayman Islands,"North, Central America & Caribbean""Anguilla, Montserrat & Nevis",NA,30796,14733,0.478406287,"North, Central America & Caribbean",Region,"Anguilla, Montserrat & Nevis","North, Central America & Caribbean"Iran,IRN,78411092,20499414,0.26143513,Middle East,Country,Iran,Africa and Middle EastIsrael,ISR,8215700,3132038,0.381225945,Middle East,Country,Israel,EuropeOther Middle Eastern Countries,NA,0,70762643,0,Middle East,Region,Pan Middle East,Africa and Middle EastFrench Overseas Territories,NA,0,1268270,0,French Overseas Territories,Region,French Overseas Territories,French Overseas TerritoriesRussia,RUS,143819666,75740000,0.526631733,Europe,Country,Russia,EuropeGermany,DEU,80982500,65831015,0.812904208,Europe,Country,Germany,EuropeFrance,FRA,66331958.5,47165000,0.711044888,Europe,Country,France,EuropeItaly,ITA,60789140,45346000,0.74595561,Europe,Country,Italy,EuropeUnited Kingdom,GBR,64613160,44481000,0.68842013,Europe,Country,United Kingdom,EuropeTurkey,TUR,77030628,39882923,0.517754094,Europe,Country,Turkey,EuropeSpain,ESP,46480882,32927000,0.708398778,Europe,Country,Spain,EuropePoland,POL,38011735,25044400,0.658859692,Europe,Country,Poland,EuropeUkraine,UKR,45271947,23575667,0.52075664,Europe,Country,Ukraine,EuropeNetherlands,NLD,16865008,14800900,0.87761002,Europe,Country,Netherlands,EuropeRomania,ROU,19908979,10138000,0.509217474,Europe,Country,Romania,EuropeKazakhstan,KAZ,17289224,8262500,0.477898835,Europe,Country,Kazakhstan,EuropeGreece,GRC,10892413,7818237,0.717769056,Europe,Country,Greece,EuropeBelgium,BEL,11209057,7733411,0.68992521,Europe,Country,Belgium,EuropePortugal,PRT,10401062,7309442,0.702759199,Europe,Country,Portugal,EuropeCzech Republic,CZE,10525347,6770412,0.643248341,Europe,Country,Czech Republic,EuropeHungary,HUN,9866468,6275283,0.636021219,Europe,Country,Hungary,EuropeSweden,SWE,9696110,6107048,0.629845165,Europe,Country,Sweden,EuropeSwitzerland,CHE,8188649,5389874,0.658212851,Europe,Country,Switzerland,EuropeAustria,AUT,8541575,5352045,0.626587602,Europe,Country,Austria,EuropeBulgaria,BGR,7223938,4995712,0.691549678,Europe,Country,Bulgaria,EuropeSerbia,SRB,7130576,4844606,0.679412996,Europe,Country,Serbia,EuropeBelarus,BLR,9474511,4792250,0.505804468,Europe,Country,Belarus,EuropeDenmark,DNK,5643475,4228000,0.749183792,Europe,Country,Denmark,EuropeNorway,NOR,5137232,3878000,0.754881228,Europe,Country,Norway,EuropeBosnia-Herzegovina,BIH,3566002,3464200,0.971452063,Europe,Country,Bosnia-Herzegovina,EuropeSlovakia,SVK,5418649,3441284,0.635081549,Europe,Country,Slovakia,EuropeAzerbaijan,AZE,9535079,3398771,0.356449171,Europe,Country,Azerbaijan,EuropeCroatia,HRV,4238389,3215824,0.758737341,Europe,Country,Croatia,EuropeFinland,FIN,5461512,3197823,0.585519724,Europe,Country,Finland,EuropeIreland,IRL,4617225,2833315,0.613640228,Europe,Country,Ireland,EuropeAlbania,ALB,2889104,2325192,0.804814226,Europe,Country,Albania,EuropeLithuania,LTU,2932367,2188416,0.746296763,Europe,Country,Lithuania,EuropeMoldova,MDA,3556397,2095389,0.589188721,Europe,Country,Moldova,EuropeArmenia,ARM,2906220,1709700,0.588289944,Europe,Country,Armenia,EuropeLatvia,LVA,1993782,1473078,0.738836041,Europe,Country,Latvia,EuropeSlovenia,SVN,2061980,1322829,0.641533381,Europe,Country,Slovenia,EuropeMacedonia,MKD,2077495,1303336,0.627359392,Europe,Country,Macedonia,EuropeKosovo,XKX,1821800,1191319,0.653924141,Europe,Country,Kosovo,EuropeGeorgia,GEO,3727000,891248,0.239132815,Europe,Country,Georgia,EuropeEstonia,EST,1314545,876798,0.666997326,Europe,Country,Estonia,EuropeCyprus,CYP,1152309,511252,0.443676132,Europe,Country,Cyprus,EuropeMontenegro,MNE,621810,413064,0.664292951,Europe,Country,Montenegro,EuropeMalta,MLT,427364,282442,0.66089329,Europe,Country,Malta,EuropeIceland,ISL,327386,160028,0.488805264,Europe,Country,Iceland,EuropeChina,CHN,1364270000,252277000,0.184917209,Asia,Country,China,AsiaIndonesia,IDN,255131116,103428000,0.405391556,Asia,Country,Indonesia,AsiaJapan,JPN,127276000,97331022,0.76472408,Asia,Country,Japan,AsiaIndia,IND,1293859294,85733200,0.06626161,Asia,Country,India,AsiaVietnam,VNM,92544915,38880800,0.420128972,Asia,Country,Vietnam,AsiaThailand,THA,68416772,33935498,0.496011387,Asia,Country,Thailand,AsiaSouth Korea,KOR,50746659,31155000,0.613932042,Asia,Country,South Korea,AsiaPakistan,PAK,185546257,14944339,0.08054239,Asia,Country,Pakistan,AsiaMyanmar,MMR,51924182,14012753,0.269869499,Asia,Country,Myanmar,AsiaMalaysia,MYS,30228017,12001353,0.397027466,Asia,Country,Malaysia,AsiaUzbekistan,UZB,30757700,11457333,0.372502918,Asia,Country,Uzbekistan,AsiaNepal,NPL,28323241,10365967,0.365988024,Asia,Country,Nepal,AsiaCambodia,KHM,15270790,9198803,0.602378986,Asia,Country,Cambodia,AsiaTaiwan,TWN,23377515,8389710,0.358879462,Asia,Country,Taiwan,AsiaAfghanistan,AFG,32758020,7667600,0.234067871,Asia,Country,Afghanistan,AsiaBangladesh,BGD,159405279,5985000,0.037545808,Asia,Country,Bangladesh,AsiaHong Kong,HKG,7229500,3511012,0.485650737,Asia,Country,Hong Kong,AsiaNorth Korea,PRK,25116363,3100908,0.123461665,Asia,Country,North Korea,AsiaLaos,LAO,6576397,2767686,0.420851418,Asia,Country,Laos,AsiaSingapore,SGP,5469724,2675162,0.489085373,Asia,Country,Singapore,AsiaTurkmenistan,TKM,5466241,2577900,0.471603795,Asia,Country,Turkmenistan,AsiaKyrgyzstan,KGZ,5835500,2451208,0.420051067,Asia,Country,Kyrgyzstan,AsiaSri Lanka,LKA,20771000,2319208,0.111656059,Asia,Country,Sri Lanka,AsiaMongolia,MNG,2923896,1055287,0.360918104,Asia,Country,Mongolia,AsiaPhilippines,PHL,100102249,587000,0.005864004,Asia,Country,Philippines,AsiaMacau,MAC,588781,283607,0.481685041,Asia,Country,Macau,AsiaBrunei,BRN,411704,268187,0.651407322,Asia,Country,Brunei,AsiaOther Asian Countries,NA,0,157538,0,Asia,Region,Pan Asia,AsiaTimor,TLS,1212814,107275,0.088451321,Asia,Country,Timor,AsiaMaldives,MDV,408247,73751,0.180652889,Asia,Country,Maldives,AsiaNigeria,NGA,176460502,58475343,0.331379217,Africa,Country,Nigeria,Africa and Middle EastSouth Africa,ZAF,54539571,27541800,0.504987471,Africa,Country,South Africa,Africa and Middle EastAlgeria,DZA,39113313,11712149,0.299441497,Africa,Country,Algeria,Africa and Middle EastIvory Coast,CIV,22531350,10774033,0.478179648,Africa,Country,Ivory Coast,Africa and Middle EastGhana,GHA,26962563,5927563,0.219844197,Africa,Country,Ghana,Africa and Middle EastKenya,KEN,46024250,5790899,0.125822778,Africa,Country,Kenya,Africa and Middle EastCameroon,CMR,22239904,4139767,0.186141406,Africa,Country,Cameroon,Africa and Middle EastSenegal,SEN,14546111,4030751,0.277101625,Africa,Country,Senegal,Africa and Middle EastCongo DR,COD,73722860,3406884,0.046212043,Africa,Country,Congo DR,Africa and Middle EastEthiopia,ETH,97366774,2920445,0.029994267,Africa,Country,Ethiopia,Africa and Middle EastAngola,AGO,26920466,2831036,0.105162964,Africa,Country,Angola,Africa and Middle EastMadagascar,MDG,23589801,2706807,0.1147448,Africa,Country,Madagascar,Africa and Middle EastOther African Countries,NA,0,2365549,0,Africa,Region,Pan Africa,Africa and Middle EastZimbabwe,ZWE,15411675,2109315,0.136864747,Africa,Country,Zimbabwe,Africa and Middle EastTanzania,TZA,52234869,2106717,0.040331622,Africa,Country,Tanzania,Africa and Middle EastZambia,ZMB,15620974,1980347,0.126774873,Africa,Country,Zambia,Africa and Middle EastLiberia,LBR,4390737,1855997,0.422707395,Africa,Country,Liberia,Africa and Middle EastGuinea,GIN,11805509,1588167,0.134527618,Africa,Country,Guinea,Africa and Middle EastBurkina Faso,BFA,17585977,1424122,0.080980545,Africa,Country,Burkina Faso,Africa and Middle EastMozambique,MOZ,27212382,1394321,0.051238477,Africa,Country,Mozambique,Africa and Middle EastNiger,NER,19148219,1052741,0.054978534,Africa,Country,Niger,Africa and Middle EastBurundi,BDI,9891790,998873,0.100980005,Africa,Country,Burundi,Africa and Middle EastMali,MLI,16962846,994993,0.058657197,Africa,Country,Mali,Africa and Middle EastMauritius,MUS,1260934,859002,0.681242634,Africa,Country,Mauritius,Africa and Middle EastTogo,TGO,7228915,607057,0.083976226,Africa,Country,Togo,Africa and Middle EastBenin,BEN,10286712,604916,0.058805574,Africa,Country,Benin,Africa and Middle EastMalawi,MWI,17068838,584590,0.034248963,Africa,Country,Malawi,Africa and Middle EastNamibia,NAM,2370992,313306,0.132141315,Africa,Country,Namibia,Africa and Middle EastSierra Leone,SLE,7079162,252932,0.035729088,Africa,Country,Sierra Leone,Africa and Middle EastChad,TCD,13569438,247298,0.018224631,Africa,Country,Chad,Africa and Middle EastGabon,GAB,1875713,227268,0.121163526,Africa,Country,Gabon,Africa and Middle East"Congo, Rep.",COG,4871101,195700,0.040175722,Africa,Country,Congo Brazzaville,Africa and Middle EastCape Verde,CPV,526437,189896,0.360719326,Africa,Country,Cape Verde,Africa and Middle EastRwanda,RWA,11345357,148644,0.013101747,Africa,Country,Rwanda,Africa and Middle EastSwaziland,SWZ,1295097,147543,0.113924285,Africa,Country,Swaziland,Africa and Middle EastSeychelles,SYC,91359,53360,0.58406944,Africa,Country,Seychelles,Africa and Middle EastSyria,SYR,19203090,9593135,0.49956205,Middle East,Country,Syria,Africa and Middle EastBahrain,BHR,1336397,667613,0.499561882,Middle East,Country,Bahrain,Africa and Middle EastIraq,IRQ,35006080,17487708,0.499562019,Middle East,Country,Iraq,Africa and Middle EastJordan,JOR,8809306,4400795,0.499562054,Middle East,Country,Jordan,Africa and Middle EastKuwait,KWT,3782450,1889568,0.499561924,Middle East,Country,Kuwait,Africa and Middle EastLebanon,LBN,5603279,2799185,0.499561953,Middle East,Country,Lebanon,Africa and Middle EastOman,OMN,3960925,1978728,0.499562097,Middle East,Country,Oman,Africa and Middle EastPalestine,PSE,4550368,2273191,0.499562013,Middle East,Country,Palestine,Africa and Middle EastQatar,QAT,2374419,1186170,0.499562209,Middle East,Country,Qatar,Africa and Middle EastSaudi Arabia,SAU,30776722,15374882,0.499562039,Middle East,Country,Saudi Arabia,Africa and Middle EastYemen,YEM,26246327,13111668,0.499562015,Middle East,Country,Yemen,Africa and Middle East